<?xml version="1.0" encoding="UTF-8"?>
<!DOCTYPE suite SYSTEM "http://testng.org/testng-1.0.dtd">
<suite name="Cache Testing Suite">

  <test name="Cache Size 10 Tests"> 
  	<parameter name="cacheSize" value="10"/>   
    <classes>     
      <class name="Test_1_emptyCache"/>
      <class name="Test_2_emptyCache_getA_A"/>
      <class name="Test_3_add10_get10_9in"/>
      <class name="Test_4_add10_get10_5in"/>
       <class name="Test_5_add10_get10_9in_clear"/>
      <class name="Test_6_add10_get10_5in_clear"/>
    </classes>
  </test> <!-- Cache Size 10 Tests -->
 
</suite> <!-- CS 321 Testing Suite -->
